munnom;regadm
Abercorn;Estrie (05)
Acton Vale;Montérégie (16)
Adstock;Chaudière-Appalaches (12)
Aguanish;Côte-Nord (09)
Akulivik;Nord-du-Québec (10)
Akwesasne;Montérégie (16)
Albanel;Saguenay--Lac-Saint-Jean (02)
Albertville;Bas-Saint-Laurent (01)
Alleyn-et-Cawood;Outaouais (07)
Alma;Saguenay--Lac-Saint-Jean (02)
Amherst;Laurentides (15)
Amos;Abitibi-Témiscamingue (08)
Amqui;Bas-Saint-Laurent (01)
Ange-Gardien;Montérégie (16)
Armagh;Chaudière-Appalaches (12)
Arundel;Laurentides (15)
Ascot Corner;Estrie (05)
Aston-Jonction;Centre-du-Québec (17)
Auclair;Bas-Saint-Laurent (01)
Audet;Estrie (05)
Aumond;Outaouais (07)
Aupaluk;Nord-du-Québec (10)
Austin;Estrie (05)
Authier;Abitibi-Témiscamingue (08)
Authier-Nord;Abitibi-Témiscamingue (08)
Ayer's Cliff;Estrie (05)
Baie-Atibenne;Lanaudière (14)
Baie-Comeau;Côte-Nord (09)
Baie-de-la-Bouteille;Lanaudière (14)
Baie-des-Chaloupes;Laurentides (15)
Baie-des-Sables;Bas-Saint-Laurent (01)
Baie-d'Hudson;Nord-du-Québec (10)
Baie-du-Febvre;Centre-du-Québec (17)
Baie-D'Urfé;Montréal (06)
Baie-Johan-Beetz;Côte-Nord (09)
Baie-Obaoca;Lanaudière (14)
Baie-Sainte-Catherine;Capitale-Nationale (03)
Baie-Saint-Paul;Capitale-Nationale (03)
Baie-Trinité;Côte-Nord (09)
Barkmere;Laurentides (15)
Barnston-Ouest;Estrie (05)
Barraute;Abitibi-Témiscamingue (08)
Batiscan;Mauricie (04)
Beaconsfield;Montréal (06)
Béarn;Abitibi-Témiscamingue (08)
Beauceville;Chaudière-Appalaches (12)
Beauharnois;Montérégie (16)
Beaulac-Garthby;Chaudière-Appalaches (12)
Beaumont;Chaudière-Appalaches (12)
Beaupré;Capitale-Nationale (03)
Bécancour;Centre-du-Québec (17)
Bedford;Estrie (05)
Bégin;Saguenay--Lac-Saint-Jean (02)
Belcourt;Abitibi-Témiscamingue (08)
Belle-Rivière;Saguenay--Lac-Saint-Jean (02)
Belleterre;Abitibi-Témiscamingue (08)
Beloeil;Montérégie (16)
Berry;Abitibi-Témiscamingue (08)
Berthier-sur-Mer;Chaudière-Appalaches (12)
Berthierville;Lanaudière (14)
Béthanie;Montérégie (16)
Biencourt;Bas-Saint-Laurent (01)
Blainville;Laurentides (15)
Blanc-Sablon;Côte-Nord (09)
Blue Sea;Outaouais (07)
Boileau;Outaouais (07)
Boisbriand;Laurentides (15)
Boischatel;Capitale-Nationale (03)
Bois-des-Filion;Laurentides (15)
Bois-Franc;Outaouais (07)
Bolton-Est;Estrie (05)
Bolton-Ouest;Estrie (05)
Bonaventure;Gaspésie--Îles-de-la-Madeleine (11)
Bonne-Espérance;Côte-Nord (09)
Bonsecours;Estrie (05)
Boucherville;Montérégie (16)
Bouchette;Outaouais (07)
Bowman;Outaouais (07)
Brébeuf;Laurentides (15)
Brigham;Estrie (05)
Bristol;Outaouais (07)
Brome;Estrie (05)
Bromont;Estrie (05)
Brossard;Montérégie (16)
Brownsburg-Chatham;Laurentides (15)
Bryson;Outaouais (07)
Bury;Estrie (05)
Cacouna;Bas-Saint-Laurent (01)
Cacouna;Bas-Saint-Laurent (01)
Calixa-Lavallée;Montérégie (16)
Campbell's Bay;Outaouais (07)
Candiac;Montérégie (16)
Caniapiscau;Côte-Nord (09)
Cantley;Outaouais (07)
Cap-Chat;Gaspésie--Îles-de-la-Madeleine (11)
Caplan;Gaspésie--Îles-de-la-Madeleine (11)
Cap-Saint-Ignace;Chaudière-Appalaches (12)
Cap-Santé;Capitale-Nationale (03)
Carignan;Montérégie (16)
Carleton-sur-Mer;Gaspésie--Îles-de-la-Madeleine (11)
Cascades-Malignes;Outaouais (07)
Cascapédia--Saint-Jules;Gaspésie--Îles-de-la-Madeleine (11)
Causapscal;Bas-Saint-Laurent (01)
Cayamant;Outaouais (07)
Chambly;Montérégie (16)
Chambord;Saguenay--Lac-Saint-Jean (02)
Champlain;Mauricie (04)
Champneuf;Abitibi-Témiscamingue (08)
Chandler;Gaspésie--Îles-de-la-Madeleine (11)
Chapais;Nord-du-Québec (10)
Charette;Mauricie (04)
Charlemagne;Lanaudière (14)
Chartierville;Estrie (05)
Châteauguay;Montérégie (16)
Château-Richer;Capitale-Nationale (03)
Chazel;Abitibi-Témiscamingue (08)
Chelsea;Outaouais (07)
Chénéville;Outaouais (07)
Chertsey;Lanaudière (14)
Chesterville;Centre-du-Québec (17)
Chibougamau;Nord-du-Québec (10)
Chichester;Outaouais (07)
Chisasibi;Nord-du-Québec (10)
Chute-aux-Outardes;Côte-Nord (09)
Chute-Saint-Philippe;Laurentides (15)
Clarenceville;Montérégie (16)
Clarendon;Outaouais (07)
Clermont;Abitibi-Témiscamingue (08)
Clermont;Capitale-Nationale (03)
Clerval;Abitibi-Témiscamingue (08)
Cleveland;Estrie (05)
Cloridorme;Gaspésie--Îles-de-la-Madeleine (11)
Coaticook;Estrie (05)
Collines-du-Basque;Gaspésie--Îles-de-la-Madeleine (11)
Colombier;Côte-Nord (09)
Compton;Estrie (05)
Contrecoeur;Montérégie (16)
Cookshire-Eaton;Estrie (05)
Coteau-du-Lac;Montérégie (16)
Côte-Nord-du-Golfe-du-Saint-Laurent;Côte-Nord (09)
Côte-Saint-Luc;Montréal (06)
Coucoucache;Mauricie (04)
Coulée-des-Adolphe;Gaspésie--Îles-de-la-Madeleine (11)
Courcelles--Saint-Évariste;Chaudière-Appalaches (12)
Cowansville;Estrie (05)
Crabtree;Lanaudière (14)
Danville;Estrie (05)
Daveluyville;Centre-du-Québec (17)
Dégelis;Bas-Saint-Laurent (01)
Déléage;Outaouais (07)
Delson;Montérégie (16)
Denholm;Outaouais (07)
Dépôt-Échouani;Outaouais (07)
Desbiens;Saguenay--Lac-Saint-Jean (02)
Deschaillons-sur-Saint-Laurent;Centre-du-Québec (17)
Deschambault-Grondines;Capitale-Nationale (03)
Deux-Montagnes;Laurentides (15)
Disraeli;Chaudière-Appalaches (12)
Dixville;Estrie (05)
Dolbeau-Mistassini;Saguenay--Lac-Saint-Jean (02)
Dollard-des-Ormeaux;Montréal (06)
Doncaster;Laurentides (15)
Donnacona;Capitale-Nationale (03)
Dorval;Montréal (06)
Dosquet;Chaudière-Appalaches (12)
Drummondville;Centre-du-Québec (17)
Dudswell;Estrie (05)
Duhamel;Outaouais (07)
Duhamel-Ouest;Abitibi-Témiscamingue (08)
Dundee;Montérégie (16)
Dunham;Estrie (05)
Duparquet;Abitibi-Témiscamingue (08)
Dupuy;Abitibi-Témiscamingue (08)
Durham-Sud;Centre-du-Québec (17)
East Angus;Estrie (05)
East Broughton;Chaudière-Appalaches (12)
East Farnham;Estrie (05)
East Hereford;Estrie (05)
Eastmain;Nord-du-Québec (10)
Eastmain;Nord-du-Québec (10)
Eastman;Estrie (05)
Eeyou Istchee Baie-James;Nord-du-Québec (10)
Egan-Sud;Outaouais (07)
Elgin;Montérégie (16)
Entrelacs;Lanaudière (14)
Escuminac;Gaspésie--Îles-de-la-Madeleine (11)
Esprit-Saint;Bas-Saint-Laurent (01)
Essipit;Côte-Nord (09)
Estérel;Laurentides (15)
Farnham;Estrie (05)
Fassett;Outaouais (07)
Ferland-et-Boilleau;Saguenay--Lac-Saint-Jean (02)
Ferme-Neuve;Laurentides (15)
Fermont;Côte-Nord (09)
Forestville;Côte-Nord (09)
Fort-Coulonge;Outaouais (07)
Fortierville;Centre-du-Québec (17)
Fossambault-sur-le-Lac;Capitale-Nationale (03)
Frampton;Chaudière-Appalaches (12)
Franklin;Montérégie (16)
Franquelin;Côte-Nord (09)
Frelighsburg;Estrie (05)
Frontenac;Estrie (05)
Fugèreville;Abitibi-Témiscamingue (08)
Gallichan;Abitibi-Témiscamingue (08)
Gaspé;Gaspésie--Îles-de-la-Madeleine (11)
Gatineau;Outaouais (07)
Gesgapegiag;Gaspésie--Îles-de-la-Madeleine (11)
Girardville;Saguenay--Lac-Saint-Jean (02)
Godbout;Côte-Nord (09)
Godmanchester;Montérégie (16)
Gore;Laurentides (15)
Gracefield;Outaouais (07)
Granby;Estrie (05)
Grande-Rivière;Gaspésie--Îles-de-la-Madeleine (11)
Grandes-Piles;Mauricie (04)
Grande-Vallée;Gaspésie--Îles-de-la-Madeleine (11)
Grand-Métis;Bas-Saint-Laurent (01)
Grand-Remous;Outaouais (07)
Grand-Saint-Esprit;Centre-du-Québec (17)
Grenville;Laurentides (15)
Grenville-sur-la-Rouge;Laurentides (15)
Gros-Mécatina;Côte-Nord (09)
Grosse-Île;Gaspésie--Îles-de-la-Madeleine (11)
Grosses-Roches;Bas-Saint-Laurent (01)
Guérin;Abitibi-Témiscamingue (08)
Ham-Nord;Centre-du-Québec (17)
Hampden;Estrie (05)
Hampstead;Montréal (06)
Ham-Sud;Estrie (05)
Harrington;Laurentides (15)
Hatley;Estrie (05)
Havelock;Montérégie (16)
Havre-Saint-Pierre;Côte-Nord (09)
Hébertville;Saguenay--Lac-Saint-Jean (02)
Hébertville-Station;Saguenay--Lac-Saint-Jean (02)
Hemmingford;Montérégie (16)
Henryville;Montérégie (16)
Hérouxville;Mauricie (04)
Hinchinbrooke;Montérégie (16)
Honfleur;Chaudière-Appalaches (12)
Hope;Gaspésie--Îles-de-la-Madeleine (11)
Hope Town;Gaspésie--Îles-de-la-Madeleine (11)
Howick;Montérégie (16)
Huberdeau;Laurentides (15)
Hudson;Montérégie (16)
Huntingdon;Montérégie (16)
Inukjuak;Nord-du-Québec (10)
Inverness;Centre-du-Québec (17)
Irlande;Chaudière-Appalaches (12)
Ivry-sur-le-Lac;Laurentides (15)
Ivujivik;Nord-du-Québec (10)
Joliette;Lanaudière (14)
Kahnawake;Montérégie (16)
Kamouraska;Bas-Saint-Laurent (01)
Kangiqsualujjuaq;Nord-du-Québec (10)
Kangiqsujuaq;Nord-du-Québec (10)
Kangirsuk;Nord-du-Québec (10)
Kataskomiq;Bas-Saint-Laurent (01)
Kawawachikamach;Nord-du-Québec (10)
Kawawachikamach;Côte-Nord (09)
Kazabazua;Outaouais (07)
Kebaowek;Abitibi-Témiscamingue (08)
Kiamika;Laurentides (15)
Kingsbury;Estrie (05)
Kingsey Falls;Centre-du-Québec (17)
Kinnear's Mills;Chaudière-Appalaches (12)
Kipawa;Abitibi-Témiscamingue (08)
Kirkland;Montréal (06)
Kitigan Zibi;Outaouais (07)
Kuujjuaq;Nord-du-Québec (10)
Kuujjuarapik;Nord-du-Québec (10)
La Bostonnais;Mauricie (04)
La Conception;Laurentides (15)
La Corne;Abitibi-Témiscamingue (08)
La Doré;Saguenay--Lac-Saint-Jean (02)
La Durantaye;Chaudière-Appalaches (12)
La Guadeloupe;Chaudière-Appalaches (12)
La Macaza;Laurentides (15)
La Malbaie;Capitale-Nationale (03)
La Martre;Gaspésie--Îles-de-la-Madeleine (11)
La Minerve;Laurentides (15)
La Morandière-Rochebaucourt;Abitibi-Témiscamingue (08)
La Motte;Abitibi-Témiscamingue (08)
La Patrie;Estrie (05)
La Pêche;Outaouais (07)
La Pocatière;Bas-Saint-Laurent (01)
La Prairie;Montérégie (16)
La Présentation;Montérégie (16)
La Rédemption;Bas-Saint-Laurent (01)
La Reine;Abitibi-Témiscamingue (08)
La Romaine;Côte-Nord (09)
La Sarre;Abitibi-Témiscamingue (08)
La Trinité-des-Monts;Bas-Saint-Laurent (01)
La Tuque;Mauricie (04)
La Visitation-de-l'Île-Dupas;Lanaudière (14)
La Visitation-de-Yamaska;Centre-du-Québec (17)
Labelle;Laurentides (15)
Labrecque;Saguenay--Lac-Saint-Jean (02)
Lac-Achouakan;Saguenay--Lac-Saint-Jean (02)
Lac-Akonapwehikan;Laurentides (15)
Lac-à-la-Croix;Bas-Saint-Laurent (01)
Lac-Alfred;Bas-Saint-Laurent (01)
Lac-Ashuapmushuan;Saguenay--Lac-Saint-Jean (02)
Lac-au-Brochet;Côte-Nord (09)
Lac-au-Saumon;Bas-Saint-Laurent (01)
Lac-aux-Sables;Mauricie (04)
Lac-Bazinet;Laurentides (15)
Lac-Beauport;Capitale-Nationale (03)
Lac-Blanc;Capitale-Nationale (03)
Lac-Boisbouscache;Bas-Saint-Laurent (01)
Lac-Bouchette;Saguenay--Lac-Saint-Jean (02)
Lac-Boulé;Mauricie (04)
Lac-Brome;Estrie (05)
Lac-Cabasta;Lanaudière (14)
Lac-Casault;Bas-Saint-Laurent (01)
Lac-Chicobi;Abitibi-Témiscamingue (08)
Lac-Croche;Capitale-Nationale (03)
Lac-De La Bidière;Laurentides (15)
Lac-Delage;Capitale-Nationale (03)
Lac-de-la-Maison-de-Pierre;Laurentides (15)
Lac-de-la-Pomme;Laurentides (15)
Lac-des-Aigles;Bas-Saint-Laurent (01)
Lac-des-Dix-Milles;Lanaudière (14)
Lac-des-Eaux-Mortes;Bas-Saint-Laurent (01)
Lac-des-Écorces;Laurentides (15)
Lac-Despinassy;Abitibi-Témiscamingue (08)
Lac-des-Plages;Outaouais (07)
Lac-des-Seize-Îles;Laurentides (15)
Lac-Devenyns;Lanaudière (14)
Lac-Douaire;Laurentides (15)
Lac-Drolet;Estrie (05)
Lac-du-Cerf;Laurentides (15)
Lac-Duparquet;Abitibi-Témiscamingue (08)
Lac-du-Taureau;Lanaudière (14)
Lac-Édouard;Mauricie (04)
Lac-Ernest;Laurentides (15)
Lac-Etchemin;Chaudière-Appalaches (12)
Lac-Frontière;Chaudière-Appalaches (12)
Lac-Granet;Abitibi-Témiscamingue (08)
Lac-Huron;Bas-Saint-Laurent (01)
Lachute;Laurentides (15)
Lac-Jacques-Cartier;Capitale-Nationale (03)
Lac-Jérôme;Côte-Nord (09)
Lac-John;Côte-Nord (09)
Lac-Juillet;Côte-Nord (09)
Lac-Lapeyrère;Capitale-Nationale (03)
Lac-Legendre;Lanaudière (14)
Lac-Lenôtre;Outaouais (07)
Lac-Marguerite;Laurentides (15)
Lac-Masketsi;Mauricie (04)
Lac-Matapédia;Bas-Saint-Laurent (01)
Lac-Matawin;Lanaudière (14)
Lac-Mégantic;Estrie (05)
Lac-Metei;Abitibi-Témiscamingue (08)
Lac-Minaki;Lanaudière (14)
Lac-Ministuk;Saguenay--Lac-Saint-Jean (02)
Lac-Moncouche;Saguenay--Lac-Saint-Jean (02)
Lac-Moselle;Outaouais (07)
Lac-Nilgaut;Outaouais (07)
Lac-Normand;Mauricie (04)
Lacolle;Montérégie (16)
Lac-Oscar;Laurentides (15)
Lac-Pikauba;Capitale-Nationale (03)
Lac-Poulin;Chaudière-Appalaches (12)
Lac-Pythonga;Outaouais (07)
Lac-Rapide;Outaouais (07)
Lac-Saguay;Laurentides (15)
Lac-Sainte-Marie;Outaouais (07)
Lac-Saint-Joseph;Capitale-Nationale (03)
Lac-Saint-Paul;Laurentides (15)
Lac-Santé;Lanaudière (14)
Lac-Sergent;Capitale-Nationale (03)
Lac-Simon;Outaouais (07)
Lac-Simon;Abitibi-Témiscamingue (08)
Lac-Supérieur;Laurentides (15)
Lac-Tremblant-Nord;Laurentides (15)
Lac-Vacher;Côte-Nord (09)
Lac-Wagwabika;Laurentides (15)
Lac-Walker;Côte-Nord (09)
Laforce;Abitibi-Témiscamingue (08)
Lalemant;Saguenay--Lac-Saint-Jean (02)
Lamarche;Saguenay--Lac-Saint-Jean (02)
Lambton;Estrie (05)
L'Ancienne-Lorette;Capitale-Nationale (03)
Landrienne;Abitibi-Témiscamingue (08)
L'Ange-Gardien;Capitale-Nationale (03)
L'Ange-Gardien;Outaouais (07)
Laniel;Abitibi-Témiscamingue (08)
Lanoraie;Lanaudière (14)
L'Anse-Saint-Jean;Saguenay--Lac-Saint-Jean (02)
Lantier;Laurentides (15)
Larouche;Saguenay--Lac-Saint-Jean (02)
L'Ascension;Laurentides (15)
L'Ascension-de-Notre-Seigneur;Saguenay--Lac-Saint-Jean (02)
L'Ascension-de-Patapédia;Gaspésie--Îles-de-la-Madeleine (11)
L'Assomption;Lanaudière (14)
Latulipe-et-Gaboury;Abitibi-Témiscamingue (08)
Launay;Abitibi-Témiscamingue (08)
Laurier-Station;Chaudière-Appalaches (12)
Laurierville;Centre-du-Québec (17)
Laval;Laval (13)
Lavaltrie;Lanaudière (14)
L'Avenir;Centre-du-Québec (17)
Laverlochère-Angliers;Abitibi-Témiscamingue (08)
Lawrenceville;Estrie (05)
Lebel-sur-Quévillon;Nord-du-Québec (10)
Leclercville;Chaudière-Appalaches (12)
Lefebvre;Centre-du-Québec (17)
Lejeune;Bas-Saint-Laurent (01)
Lemieux;Centre-du-Québec (17)
L'Épiphanie;Lanaudière (14)
Léry;Montérégie (16)
Les Bergeronnes;Côte-Nord (09)
Les Cèdres;Montérégie (16)
Les Coteaux;Montérégie (16)
Les Éboulements;Capitale-Nationale (03)
Les Escoumins;Côte-Nord (09)
Les Hauteurs;Bas-Saint-Laurent (01)
Les Îles-de-la-Madeleine;Gaspésie--Îles-de-la-Madeleine (11)
Les Lacs-du-Témiscamingue;Abitibi-Témiscamingue (08)
Les Méchins;Bas-Saint-Laurent (01)
Lévis;Chaudière-Appalaches (12)
L'Île-Cadieux;Montérégie (16)
L'Île-d'Anticosti;Côte-Nord (09)
L'Île-Dorval;Montréal (06)
L'Île-du-Grand-Calumet;Outaouais (07)
L'Île-Perrot;Montérégie (16)
Lingwick;Estrie (05)
Linton;Capitale-Nationale (03)
L'Isle-aux-Allumettes;Outaouais (07)
L'Isle-aux-Coudres;Capitale-Nationale (03)
L'Islet;Chaudière-Appalaches (12)
L'Isle-Verte;Bas-Saint-Laurent (01)
Listuguj;Gaspésie--Îles-de-la-Madeleine (11)
Litchfield;Outaouais (07)
Lochaber;Outaouais (07)
Lochaber-Partie-Ouest;Outaouais (07)
Longue-Pointe-de-Mingan;Côte-Nord (09)
Longue-Rive;Côte-Nord (09)
Longueuil;Montérégie (16)
Lorraine;Laurentides (15)
Lorrainville;Abitibi-Témiscamingue (08)
Lotbinière;Chaudière-Appalaches (12)
Louiseville;Mauricie (04)
Low;Outaouais (07)
Lyster;Centre-du-Québec (17)
Macamic;Abitibi-Témiscamingue (08)
Maddington Falls;Centre-du-Québec (17)
Magog;Estrie (05)
Malartic;Abitibi-Témiscamingue (08)
Maliotenam;Côte-Nord (09)
Manawan;Lanaudière (14)
Mandeville;Lanaudière (14)
Maniwaki;Outaouais (07)
Manseau;Centre-du-Québec (17)
Mansfield-et-Pontefract;Outaouais (07)
Maria;Gaspésie--Îles-de-la-Madeleine (11)
Maricourt;Estrie (05)
Marieville;Montérégie (16)
Marsoui;Gaspésie--Îles-de-la-Madeleine (11)
Marston;Estrie (05)
Martinville;Estrie (05)
Mascouche;Lanaudière (14)
Mashteuiatsh;Saguenay--Lac-Saint-Jean (02)
Maskinongé;Mauricie (04)
Massueville;Montérégie (16)
Matagami;Nord-du-Québec (10)
Matane;Bas-Saint-Laurent (01)
Matapédia;Gaspésie--Îles-de-la-Madeleine (11)
Matchi-Manitou;Abitibi-Témiscamingue (08)
Matimekosh;Côte-Nord (09)
Mayo;Outaouais (07)
McMasterville;Montérégie (16)
Melbourne;Estrie (05)
Mercier;Montérégie (16)
Messines;Outaouais (07)
Métabetchouan--Lac-à-la-Croix;Saguenay--Lac-Saint-Jean (02)
Métis-sur-Mer;Bas-Saint-Laurent (01)
Milan;Estrie (05)
Mille-Isles;Laurentides (15)
Mingan;Côte-Nord (09)
Mirabel;Laurentides (15)
Mistissini;Nord-du-Québec (10)
Mistissini;Nord-du-Québec (10)
Moffet;Abitibi-Témiscamingue (08)
Mont-Albert;Gaspésie--Îles-de-la-Madeleine (11)
Mont-Alexandre;Gaspésie--Îles-de-la-Madeleine (11)
Mont-Apica;Saguenay--Lac-Saint-Jean (02)
Mont-Blanc;Laurentides (15)
Montcalm;Laurentides (15)
Mont-Carmel;Bas-Saint-Laurent (01)
Montcerf-Lytton;Outaouais (07)
Montebello;Outaouais (07)
Mont-Élie;Capitale-Nationale (03)
Mont-Joli;Bas-Saint-Laurent (01)
Mont-Laurier;Laurentides (15)
Montmagny;Chaudière-Appalaches (12)
Montpellier;Outaouais (07)
Montréal;Montréal (06)
Montréal-Est;Montréal (06)
Montréal-Ouest;Montréal (06)
Mont-Royal;Montréal (06)
Mont-Saint-Grégoire;Montérégie (16)
Mont-Saint-Hilaire;Montérégie (16)
Mont-Saint-Michel;Laurentides (15)
Mont-Saint-Pierre;Gaspésie--Îles-de-la-Madeleine (11)
Mont-Tremblant;Laurentides (15)
Mont-Valin;Saguenay--Lac-Saint-Jean (02)
Morin-Heights;Laurentides (15)
Mulgrave-et-Derry;Outaouais (07)
Murdochville;Gaspésie--Îles-de-la-Madeleine (11)
Namur;Outaouais (07)
Nantes;Estrie (05)
Napierville;Montérégie (16)
Natashquan;Côte-Nord (09)
Notre-Dame-Auxiliatrice-de-Buckland;Chaudière-Appalaches (12)
Notre-Dame-de-Bonsecours;Outaouais (07)
Notre-Dame-du-Sacré-Coeur-d'Issoudun;Chaudière-Appalaches (12)
Nédélec;Abitibi-Témiscamingue (08)
Nemaska;Nord-du-Québec (10)
Neuville;Capitale-Nationale (03)
New Carlisle;Gaspésie--Îles-de-la-Madeleine (11)
New Richmond;Gaspésie--Îles-de-la-Madeleine (11)
Newport;Estrie (05)
Nicolet;Centre-du-Québec (17)
Nominingue;Laurentides (15)
Normandin;Saguenay--Lac-Saint-Jean (02)
Normétal;Abitibi-Témiscamingue (08)
North Hatley;Estrie (05)
Notre-Dame-de-Ham;Centre-du-Québec (17)
Notre-Dame-de-la-Merci;Lanaudière (14)
Notre-Dame-de-la-Paix;Outaouais (07)
Notre-Dame-de-la-Salette;Outaouais (07)
Notre-Dame-de-l'Île-Perrot;Montérégie (16)
Notre-Dame-de-Lorette;Saguenay--Lac-Saint-Jean (02)
Notre-Dame-de-Lourdes;Centre-du-Québec (17)
Notre-Dame-de-Lourdes;Lanaudière (14)
Notre-Dame-de-Montauban;Mauricie (04)
Notre-Dame-de-Pontmain;Laurentides (15)
Notre-Dame-des-Anges;Capitale-Nationale (03)
Notre-Dame-des-Bois;Estrie (05)
Notre-Dame-des-Monts;Capitale-Nationale (03)
Notre-Dame-des-Neiges;Bas-Saint-Laurent (01)
Notre-Dame-des-Pins;Chaudière-Appalaches (12)
Notre-Dame-des-Prairies;Lanaudière (14)
Notre-Dame-des-Sept-Douleurs;Bas-Saint-Laurent (01)
Notre-Dame-de-Stanbridge;Estrie (05)
Notre-Dame-du-Bon-Conseil;Centre-du-Québec (17)
Notre-Dame-du-Laus;Laurentides (15)
Notre-Dame-du-Mont-Carmel;Mauricie (04)
Notre-Dame-du-Nord;Abitibi-Témiscamingue (08)
Notre-Dame-du-Portage;Bas-Saint-Laurent (01)
Notre-Dame-du-Rosaire;Chaudière-Appalaches (12)
Nouvelle;Gaspésie--Îles-de-la-Madeleine (11)
Noyan;Montérégie (16)
Obedjiwan;Mauricie (04)
Odanak;Centre-du-Québec (17)
Ogden;Estrie (05)
Oka;Laurentides (15)
Orford;Estrie (05)
Ormstown;Montérégie (16)
Otter Lake;Outaouais (07)
Otterburn Park;Montérégie (16)
Oujé-Bougoumou;Nord-du-Québec (10)
Packington;Bas-Saint-Laurent (01)
Padoue;Bas-Saint-Laurent (01)
Palmarolle;Abitibi-Témiscamingue (08)
Papineauville;Outaouais (07)
Parisville;Centre-du-Québec (17)
Paspébiac;Gaspésie--Îles-de-la-Madeleine (11)
Passes-Dangereuses;Saguenay--Lac-Saint-Jean (02)
Percé;Gaspésie--Îles-de-la-Madeleine (11)
Péribonka;Saguenay--Lac-Saint-Jean (02)
Pessamit;Côte-Nord (09)
Petite-Rivière-Saint-François;Capitale-Nationale (03)
Petite-Vallée;Gaspésie--Îles-de-la-Madeleine (11)
Petit-Lac-Sainte-Anne;Bas-Saint-Laurent (01)
Petit-Mécatina;Côte-Nord (09)
Petit-Saguenay;Saguenay--Lac-Saint-Jean (02)
Picard;Bas-Saint-Laurent (01)
Piedmont;Laurentides (15)
Pierreville;Centre-du-Québec (17)
Pike River;Estrie (05)
Pikogan;Abitibi-Témiscamingue (08)
Pincourt;Montérégie (16)
Piopolis;Estrie (05)
Plaisance;Outaouais (07)
Plessisville;Centre-du-Québec (17)
Pohénégamook;Bas-Saint-Laurent (01)
Pointe-à-la-Croix;Gaspésie--Îles-de-la-Madeleine (11)
Pointe-aux-Outardes;Côte-Nord (09)
Pointe-Calumet;Laurentides (15)
Pointe-Claire;Montréal (06)
Pointe-des-Cascades;Montérégie (16)
Pointe-Fortune;Montérégie (16)
Pointe-Lebel;Côte-Nord (09)
Pontiac;Outaouais (07)
Pont-Rouge;Capitale-Nationale (03)
Portage-du-Fort;Outaouais (07)
Port-Cartier;Côte-Nord (09)
Port-Daniel--Gascons;Gaspésie--Îles-de-la-Madeleine (11)
Portneuf;Capitale-Nationale (03)
Portneuf-sur-Mer;Côte-Nord (09)
Potton;Estrie (05)
Poularies;Abitibi-Témiscamingue (08)
Preissac;Abitibi-Témiscamingue (08)
Prévost;Laurentides (15)
Price;Bas-Saint-Laurent (01)
Princeville;Centre-du-Québec (17)
Puvirnituq;Nord-du-Québec (10)
Quaqtaq;Nord-du-Québec (10)
Québec;Capitale-Nationale (03)
Racine;Estrie (05)
Ragueneau;Côte-Nord (09)
Rapide-Danseur;Abitibi-Témiscamingue (08)
Rapides-des-Joachims;Outaouais (07)
Rawdon;Lanaudière (14)
Rémigny;Abitibi-Témiscamingue (08)
Repentigny;Lanaudière (14)
Réservoir-Dozois;Abitibi-Témiscamingue (08)
Richelieu;Montérégie (16)
Richmond;Estrie (05)
Rigaud;Montérégie (16)
Rimouski;Bas-Saint-Laurent (01)
Ripon;Outaouais (07)
Ristigouche-Sud-Est;Gaspésie--Îles-de-la-Madeleine (11)
Rivière-à-Claude;Gaspésie--Îles-de-la-Madeleine (11)
Rivière-à-Pierre;Capitale-Nationale (03)
Rivière-au-Tonnerre;Côte-Nord (09)
Rivière-aux-Outardes;Côte-Nord (09)
Rivière-Beaudette;Montérégie (16)
Rivière-Bleue;Bas-Saint-Laurent (01)
Rivière-Bonaventure;Gaspésie--Îles-de-la-Madeleine (11)
Rivière-Bonjour;Bas-Saint-Laurent (01)
Rivière-de-la-Savane;Mauricie (04)
Rivière-du-Loup;Bas-Saint-Laurent (01)
Rivière-Éternité;Saguenay--Lac-Saint-Jean (02)
Rivière-Héva;Abitibi-Témiscamingue (08)
Rivière-Koksoak;Nord-du-Québec (10)
Rivière-Mistassini;Saguenay--Lac-Saint-Jean (02)
Rivière-Mouchalagane;Côte-Nord (09)
Rivière-Nipissis;Côte-Nord (09)
Rivière-Nouvelle;Gaspésie--Îles-de-la-Madeleine (11)
Rivière-Ojima;Abitibi-Témiscamingue (08)
Rivière-Ouelle;Bas-Saint-Laurent (01)
Rivière-Patapédia-Est;Bas-Saint-Laurent (01)
Rivière-Rouge;Laurentides (15)
Rivière-Saint-Jean;Côte-Nord (09)
Rivière-Saint-Jean;Gaspésie--Îles-de-la-Madeleine (11)
Rivière-Vaseuse;Bas-Saint-Laurent (01)
Roberval;Saguenay--Lac-Saint-Jean (02)
Roquemaure;Abitibi-Témiscamingue (08)
Rosemère;Laurentides (15)
Rougemont;Montérégie (16)
Routhierville;Bas-Saint-Laurent (01)
Rouyn-Noranda;Abitibi-Témiscamingue (08)
Roxton;Montérégie (16)
Roxton Falls;Montérégie (16)
Roxton Pond;Estrie (05)
Ruisseau-des-Mineurs;Bas-Saint-Laurent (01)
Ruisseau-Ferguson;Gaspésie--Îles-de-la-Madeleine (11)
Sacré-Coeur;Côte-Nord (09)
Sacré-Coeur-de-Jésus;Chaudière-Appalaches (12)
Sagard;Capitale-Nationale (03)
Saguenay;Saguenay--Lac-Saint-Jean (02)
Saint-Adalbert;Chaudière-Appalaches (12)
Saint-Adelme;Bas-Saint-Laurent (01)
Saint-Adelphe;Mauricie (04)
Saint-Adolphe-d'Howard;Laurentides (15)
Saint-Adrien;Estrie (05)
Saint-Adrien-d'Irlande;Chaudière-Appalaches (12)
Saint-Agapit;Chaudière-Appalaches (12)
Saint-Aimé;Montérégie (16)
Saint-Aimé-des-Lacs;Capitale-Nationale (03)
Saint-Aimé-du-Lac-des-Îles;Laurentides (15)
Saint-Alban;Capitale-Nationale (03)
Saint-Albert;Centre-du-Québec (17)
Saint-Alexandre;Montérégie (16)
Saint-Alexandre-de-Kamouraska;Bas-Saint-Laurent (01)
Saint-Alexandre-des-Lacs;Bas-Saint-Laurent (01)
Saint-Alexis;Lanaudière (14)
Saint-Alexis-de-Matapédia;Gaspésie--Îles-de-la-Madeleine (11)
Saint-Alexis-des-Monts;Mauricie (04)
Saint-Alfred;Chaudière-Appalaches (12)
Saint-Alphonse;Gaspésie--Îles-de-la-Madeleine (11)
Saint-Alphonse-de-Granby;Estrie (05)
Saint-Alphonse-Rodriguez;Lanaudière (14)
Saint-Amable;Montérégie (16)
Saint-Ambroise;Saguenay--Lac-Saint-Jean (02)
Saint-Ambroise-de-Kildare;Lanaudière (14)
Saint-Anaclet-de-Lessard;Bas-Saint-Laurent (01)
Saint-André-Avellin;Outaouais (07)
Saint-André-d'Argenteuil;Laurentides (15)
Saint-André-de-Kamouraska;Bas-Saint-Laurent (01)
Saint-André-de-Restigouche;Gaspésie--Îles-de-la-Madeleine (11)
Saint-André-du-Lac-Saint-Jean;Saguenay--Lac-Saint-Jean (02)
Saint-Anicet;Montérégie (16)
Saint-Anselme;Chaudière-Appalaches (12)
Saint-Antoine-de-Tilly;Chaudière-Appalaches (12)
Saint-Antoine-de-l'Isle-aux-Grues;Chaudière-Appalaches (12)
Saint-Antoine-sur-Richelieu;Montérégie (16)
Saint-Antonin;Bas-Saint-Laurent (01)
Saint-Apollinaire;Chaudière-Appalaches (12)
Saint-Armand;Estrie (05)
Saint-Arsène;Bas-Saint-Laurent (01)
Saint-Athanase;Bas-Saint-Laurent (01)
Saint-Aubert;Chaudière-Appalaches (12)
Saint-Augustin;Côte-Nord (09)
Saint-Augustin;Saguenay--Lac-Saint-Jean (02)
Saint-Augustin-de-Desmaures;Capitale-Nationale (03)
Saint-Augustin-de-Woburn;Estrie (05)
Saint-Barnabé;Mauricie (04)
Saint-Barnabé-Sud;Montérégie (16)
Saint-Barthélemy;Lanaudière (14)
Saint-Basile;Capitale-Nationale (03)
Saint-Basile-le-Grand;Montérégie (16)
Saint-Benjamin;Chaudière-Appalaches (12)
Saint-Benoît-du-Lac;Estrie (05)
Saint-Benoît-Labre;Chaudière-Appalaches (12)
Saint-Bernard;Chaudière-Appalaches (12)
Saint-Bernard-de-Lacolle;Montérégie (16)
Saint-Bernard-de-Michaudville;Montérégie (16)
Saint-Blaise-sur-Richelieu;Montérégie (16)
Saint-Bonaventure;Centre-du-Québec (17)
Saint-Boniface;Mauricie (04)
Saint-Bruno;Saguenay--Lac-Saint-Jean (02)
Saint-Bruno-de-Guigues;Abitibi-Témiscamingue (08)
Saint-Bruno-de-Kamouraska;Bas-Saint-Laurent (01)
Saint-Bruno-de-Montarville;Montérégie (16)
Saint-Calixte;Lanaudière (14)
Saint-Camille;Estrie (05)
Saint-Camille-de-Lellis;Chaudière-Appalaches (12)
Saint-Casimir;Capitale-Nationale (03)
Saint-Célestin;Centre-du-Québec (17)
Saint-Césaire;Montérégie (16)
Saint-Charles-Borromée;Lanaudière (14)
Saint-Charles-de-Bellechasse;Chaudière-Appalaches (12)
Saint-Charles-de-Bourget;Saguenay--Lac-Saint-Jean (02)
Saint-Charles-Garnier;Bas-Saint-Laurent (01)
Saint-Charles-sur-Richelieu;Montérégie (16)
Saint-Christophe-d'Arthabaska;Centre-du-Québec (17)
Saint-Chrysostome;Montérégie (16)
Saint-Claude;Estrie (05)
Saint-Clément;Bas-Saint-Laurent (01)
Saint-Cléophas;Bas-Saint-Laurent (01)
Saint-Cléophas-de-Brandon;Lanaudière (14)
Saint-Clet;Montérégie (16)
Saint-Colomban;Laurentides (15)
Saint-Côme;Lanaudière (14)
Saint-Côme--Linière;Chaudière-Appalaches (12)
Saint-Constant;Montérégie (16)
Saint-Cuthbert;Lanaudière (14)
Saint-Cyprien;Bas-Saint-Laurent (01)
Saint-Cyprien;Chaudière-Appalaches (12)
Saint-Cyprien-de-Napierville;Montérégie (16)
Saint-Cyrille-de-Lessard;Chaudière-Appalaches (12)
Saint-Cyrille-de-Wendover;Centre-du-Québec (17)
Saint-Damase;Bas-Saint-Laurent (01)
Saint-Damase;Montérégie (16)
Saint-Damase-de-L'Islet;Chaudière-Appalaches (12)
Saint-Damien;Lanaudière (14)
Saint-Damien-de-Buckland;Chaudière-Appalaches (12)
Saint-David;Montérégie (16)
Saint-David-de-Falardeau;Saguenay--Lac-Saint-Jean (02)
Saint-Denis-De La Bouteillerie;Bas-Saint-Laurent (01)
Saint-Denis-de-Brompton;Estrie (05)
Saint-Denis-sur-Richelieu;Montérégie (16)
Saint-Didace;Lanaudière (14)
Saint-Dominique;Montérégie (16)
Saint-Dominique-du-Rosaire;Abitibi-Témiscamingue (08)
Saint-Donat;Bas-Saint-Laurent (01)
Saint-Donat;Lanaudière (14)
Sainte-Adèle;Laurentides (15)
Sainte-Agathe-de-Lotbinière;Chaudière-Appalaches (12)
Sainte-Agathe-des-Monts;Laurentides (15)
Sainte-Angèle-de-Mérici;Bas-Saint-Laurent (01)
Sainte-Angèle-de-Monnoir;Montérégie (16)
Sainte-Angèle-de-Prémont;Mauricie (04)
Sainte-Anne-de-Beaupré;Capitale-Nationale (03)
Sainte-Anne-de-Bellevue;Montréal (06)
Sainte-Anne-de-la-Pérade;Mauricie (04)
Sainte-Anne-de-la-Pocatière;Bas-Saint-Laurent (01)
Sainte-Anne-de-la-Rochelle;Estrie (05)
Sainte-Anne-de-Sabrevois;Montérégie (16)
Sainte-Anne-des-Lacs;Laurentides (15)
Sainte-Anne-des-Monts;Gaspésie--Îles-de-la-Madeleine (11)
Sainte-Anne-de-Sorel;Montérégie (16)
Sainte-Anne-des-Plaines;Laurentides (15)
Sainte-Anne-du-Lac;Laurentides (15)
Sainte-Apolline-de-Patton;Chaudière-Appalaches (12)
Sainte-Aurélie;Chaudière-Appalaches (12)
Sainte-Barbe;Montérégie (16)
Sainte-Béatrix;Lanaudière (14)
Sainte-Brigide-d'Iberville;Montérégie (16)
Sainte-Brigitte-de-Laval;Capitale-Nationale (03)
Sainte-Brigitte-des-Saults;Centre-du-Québec (17)
Sainte-Catherine;Montérégie (16)
Sainte-Catherine-de-Hatley;Estrie (05)
Sainte-Cécile-de-Lévrard;Centre-du-Québec (17)
Sainte-Cécile-de-Milton;Estrie (05)
Sainte-Cécile-de-Whitton;Estrie (05)
Sainte-Christine;Montérégie (16)
Sainte-Christine-d'Auvergne;Capitale-Nationale (03)
Sainte-Claire;Chaudière-Appalaches (12)
Sainte-Clotilde;Montérégie (16)
Sainte-Clotilde-de-Beauce;Chaudière-Appalaches (12)
Sainte-Clotilde-de-Horton;Centre-du-Québec (17)
Sainte-Croix;Chaudière-Appalaches (12)
Saint-Edmond-de-Grantham;Centre-du-Québec (17)
Saint-Edmond-les-Plaines;Saguenay--Lac-Saint-Jean (02)
Saint-Édouard;Montérégie (16)
Saint-Édouard-de-Fabre;Abitibi-Témiscamingue (08)
Saint-Édouard-de-Lotbinière;Chaudière-Appalaches (12)
Saint-Édouard-de-Maskinongé;Mauricie (04)
Sainte-Edwidge-de-Clifton;Estrie (05)
Sainte-Élisabeth;Lanaudière (14)
Sainte-Élizabeth-de-Warwick;Centre-du-Québec (17)
Sainte-Émélie-de-l'Énergie;Lanaudière (14)
Sainte-Eulalie;Centre-du-Québec (17)
Sainte-Euphémie-sur-Rivière-du-Sud;Chaudière-Appalaches (12)
Sainte-Famille-de-l'Île-d'Orléans;Capitale-Nationale (03)
Sainte-Félicité;Bas-Saint-Laurent (01)
Sainte-Félicité;Chaudière-Appalaches (12)
Sainte-Flavie;Bas-Saint-Laurent (01)
Sainte-Florence;Bas-Saint-Laurent (01)
Sainte-Françoise;Bas-Saint-Laurent (01)
Sainte-Françoise;Centre-du-Québec (17)
Sainte-Geneviève-de-Batiscan;Mauricie (04)
Sainte-Geneviève-de-Berthier;Lanaudière (14)
Sainte-Germaine-Boulé;Abitibi-Témiscamingue (08)
Sainte-Gertrude-Manneville;Abitibi-Témiscamingue (08)
Sainte-Hedwidge;Saguenay--Lac-Saint-Jean (02)
Sainte-Hélène-de-Bagot;Montérégie (16)
Sainte-Hélène-de-Chester;Centre-du-Québec (17)
Sainte-Hélène-de-Kamouraska;Bas-Saint-Laurent (01)
Sainte-Hélène-de-Mancebourg;Abitibi-Témiscamingue (08)
Sainte-Hénédine;Chaudière-Appalaches (12)
Sainte-Irène;Bas-Saint-Laurent (01)
Sainte-Jeanne-d'Arc;Bas-Saint-Laurent (01)
Sainte-Jeanne-d'Arc;Saguenay--Lac-Saint-Jean (02)
Sainte-Julie;Montérégie (16)
Sainte-Julienne;Lanaudière (14)
Sainte-Justine;Chaudière-Appalaches (12)
Sainte-Justine-de-Newton;Montérégie (16)
Saint-Élie-de-Caxton;Mauricie (04)
Saint-Éloi;Bas-Saint-Laurent (01)
Sainte-Louise;Chaudière-Appalaches (12)
Saint-Elphège;Centre-du-Québec (17)
Sainte-Luce;Bas-Saint-Laurent (01)
Sainte-Lucie-de-Beauregard;Chaudière-Appalaches (12)
Sainte-Lucie-des-Laurentides;Laurentides (15)
Saint-Elzéar;Gaspésie--Îles-de-la-Madeleine (11)
Saint-Elzéar;Chaudière-Appalaches (12)
Saint-Elzéar-de-Témiscouata;Bas-Saint-Laurent (01)
Sainte-Madeleine;Montérégie (16)
Sainte-Madeleine-de-la-Rivière-Madeleine;Gaspésie--Îles-de-la-Madeleine (11)
Sainte-Marcelline-de-Kildare;Lanaudière (14)
Sainte-Marguerite;Chaudière-Appalaches (12)
Sainte-Marguerite-du-Lac-Masson;Laurentides (15)
Sainte-Marguerite-Marie;Bas-Saint-Laurent (01)
Sainte-Marie;Chaudière-Appalaches (12)
Sainte-Marie-de-Blandford;Centre-du-Québec (17)
Sainte-Marie-Madeleine;Montérégie (16)
Sainte-Marie-Salomé;Lanaudière (14)
Sainte-Marthe;Montérégie (16)
Sainte-Marthe-sur-le-Lac;Laurentides (15)
Sainte-Martine;Montérégie (16)
Sainte-Mélanie;Lanaudière (14)
Saint-Émile-de-Suffolk;Outaouais (07)
Sainte-Monique;Saguenay--Lac-Saint-Jean (02)
Sainte-Monique;Centre-du-Québec (17)
Sainte-Paule;Bas-Saint-Laurent (01)
Sainte-Perpétue;Chaudière-Appalaches (12)
Sainte-Perpétue;Centre-du-Québec (17)
Sainte-Pétronille;Capitale-Nationale (03)
Saint-Éphrem-de-Beauce;Chaudière-Appalaches (12)
Saint-Épiphane;Bas-Saint-Laurent (01)
Sainte-Praxède;Chaudière-Appalaches (12)
Sainte-Rita;Bas-Saint-Laurent (01)
Sainte-Rose-de-Watford;Chaudière-Appalaches (12)
Sainte-Rose-du-Nord;Saguenay--Lac-Saint-Jean (02)
Sainte-Sabine;Estrie (05)
Sainte-Sabine;Chaudière-Appalaches (12)
Sainte-Séraphine;Centre-du-Québec (17)
Sainte-Sophie;Laurentides (15)
Sainte-Sophie-de-Lévrard;Centre-du-Québec (17)
Sainte-Sophie-d'Halifax;Centre-du-Québec (17)
Saint-Esprit;Lanaudière (14)
Sainte-Thècle;Mauricie (04)
Sainte-Thérèse;Laurentides (15)
Sainte-Thérèse-de-Gaspé;Gaspésie--Îles-de-la-Madeleine (11)
Sainte-Thérèse-de-la-Gatineau;Outaouais (07)
Saint-Étienne-de-Beauharnois;Montérégie (16)
Saint-Étienne-de-Bolton;Estrie (05)
Saint-Étienne-des-Grès;Mauricie (04)
Saint-Eugène;Centre-du-Québec (17)
Saint-Eugène-d'Argentenay;Saguenay--Lac-Saint-Jean (02)
Saint-Eugène-de-Guigues;Abitibi-Témiscamingue (08)
Saint-Eugène-de-Ladrière;Bas-Saint-Laurent (01)
Sainte-Ursule;Mauricie (04)
Saint-Eusèbe;Bas-Saint-Laurent (01)
Saint-Eustache;Laurentides (15)
Sainte-Victoire-de-Sorel;Montérégie (16)
Saint-Fabien;Bas-Saint-Laurent (01)
Saint-Fabien-de-Panet;Chaudière-Appalaches (12)
Saint-Félicien;Saguenay--Lac-Saint-Jean (02)
Saint-Félix-de-Dalquier;Abitibi-Témiscamingue (08)
Saint-Félix-de-Kingsey;Centre-du-Québec (17)
Saint-Félix-de-Valois;Lanaudière (14)
Saint-Félix-d'Otis;Saguenay--Lac-Saint-Jean (02)
Saint-Ferdinand;Centre-du-Québec (17)
Saint-Ferréol-les-Neiges;Capitale-Nationale (03)
Saint-Flavien;Chaudière-Appalaches (12)
Saint-Fortunat;Chaudière-Appalaches (12)
Saint-François-d'Assise;Gaspésie--Îles-de-la-Madeleine (11)
Saint-François-de-la-Rivière-du-Sud;Chaudière-Appalaches (12)
Saint-François-de-l'Île-d'Orléans;Capitale-Nationale (03)
Saint-François-de-Sales;Saguenay--Lac-Saint-Jean (02)
Saint-François-du-Lac;Centre-du-Québec (17)
Saint-François-Xavier-de-Brompton;Estrie (05)
Saint-François-Xavier-de-Viger;Bas-Saint-Laurent (01)
Saint-Frédéric;Chaudière-Appalaches (12)
Saint-Fulgence;Saguenay--Lac-Saint-Jean (02)
Saint-Gabriel;Lanaudière (14)
Saint-Gabriel-de-Brandon;Lanaudière (14)
Saint-Gabriel-de-Rimouski;Bas-Saint-Laurent (01)
Saint-Gabriel-de-Valcartier;Capitale-Nationale (03)
Saint-Gabriel-Lalemant;Bas-Saint-Laurent (01)
Saint-Gédéon;Saguenay--Lac-Saint-Jean (02)
Saint-Gédéon-de-Beauce;Chaudière-Appalaches (12)
Saint-Georges;Chaudière-Appalaches (12)
Saint-Georges-de-Windsor;Estrie (05)
Saint-Gérard-Majella;Montérégie (16)
Saint-Germain-de-Grantham;Centre-du-Québec (17)
Saint-Germain-de-Kamouraska;Bas-Saint-Laurent (01)
Saint-Gervais;Chaudière-Appalaches (12)
Saint-Gilbert;Capitale-Nationale (03)
Saint-Gilles;Chaudière-Appalaches (12)
Saint-Godefroi;Gaspésie--Îles-de-la-Madeleine (11)
Saint-Guillaume;Centre-du-Québec (17)
Saint-Guillaume-Nord;Lanaudière (14)
Saint-Henri;Chaudière-Appalaches (12)
Saint-Henri-de-Taillon;Saguenay--Lac-Saint-Jean (02)
Saint-Herménégilde;Estrie (05)
Saint-Hilaire-de-Dorset;Chaudière-Appalaches (12)
Saint-Hilarion;Capitale-Nationale (03)
Saint-Hippolyte;Laurentides (15)
Saint-Honoré;Saguenay--Lac-Saint-Jean (02)
Saint-Honoré-de-Shenley;Chaudière-Appalaches (12)
Saint-Honoré-de-Témiscouata;Bas-Saint-Laurent (01)
Saint-Hubert-de-Rivière-du-Loup;Bas-Saint-Laurent (01)
Saint-Hugues;Montérégie (16)
Saint-Hyacinthe;Montérégie (16)
Saint-Ignace-de-Loyola;Lanaudière (14)
Saint-Ignace-de-Stanbridge;Estrie (05)
Saint-Irénée;Capitale-Nationale (03)
Saint-Isidore;Montérégie (16)
Saint-Isidore;Chaudière-Appalaches (12)
Saint-Isidore-de-Clifton;Estrie (05)
Saint-Jacques;Lanaudière (14)
Saint-Jacques-de-Leeds;Chaudière-Appalaches (12)
Saint-Jacques-le-Mineur;Montérégie (16)
Saint-Jacques-le-Majeur-de-Wolfestown;Chaudière-Appalaches (12)
Saint-Janvier-de-Joly;Chaudière-Appalaches (12)
Saint-Jean-Baptiste;Montérégie (16)
Saint-Jean-de-Brébeuf;Chaudière-Appalaches (12)
Saint-Jean-de-Cherbourg;Bas-Saint-Laurent (01)
Saint-Jean-de-Dieu;Bas-Saint-Laurent (01)
Saint-Jean-de-la-Lande;Bas-Saint-Laurent (01)
Saint-Jean-de-l'Île-d'Orléans;Capitale-Nationale (03)
Saint-Jean-de-Matha;Lanaudière (14)
Saint-Jean-Port-Joli;Chaudière-Appalaches (12)
Saint-Jean-sur-Richelieu;Montérégie (16)
Saint-Jérôme;Laurentides (15)
Saint-Joachim;Capitale-Nationale (03)
Saint-Joachim-de-Shefford;Estrie (05)
Saint-Joseph-de-Beauce;Chaudière-Appalaches (12)
Saint-Joseph-de-Coleraine;Chaudière-Appalaches (12)
Saint-Joseph-de-Kamouraska;Bas-Saint-Laurent (01)
Saint-Joseph-de-Lepage;Bas-Saint-Laurent (01)
Saint-Joseph-des-Érables;Chaudière-Appalaches (12)
Saint-Joseph-de-Sorel;Montérégie (16)
Saint-Joseph-du-Lac;Laurentides (15)
Saint-Jude;Montérégie (16)
Saint-Jules;Chaudière-Appalaches (12)
Saint-Julien;Chaudière-Appalaches (12)
Saint-Just-de-Bretenières;Chaudière-Appalaches (12)
Saint-Juste-du-Lac;Bas-Saint-Laurent (01)
Saint-Justin;Mauricie (04)
Saint-Lambert;Montérégie (16)
Saint-Lambert;Abitibi-Témiscamingue (08)
Saint-Lambert-de-Lauzon;Chaudière-Appalaches (12)
Saint-Laurent-de-l'Île-d'Orléans;Capitale-Nationale (03)
Saint-Lazare;Montérégie (16)
Saint-Lazare-de-Bellechasse;Chaudière-Appalaches (12)
Saint-Léandre;Bas-Saint-Laurent (01)
Saint-Léonard-d'Aston;Centre-du-Québec (17)
Saint-Léonard-de-Portneuf;Capitale-Nationale (03)
Saint-Léon-de-Standon;Chaudière-Appalaches (12)
Saint-Léon-le-Grand;Mauricie (04)
Saint-Léon-le-Grand;Bas-Saint-Laurent (01)
Saint-Liboire;Montérégie (16)
Saint-Liguori;Lanaudière (14)
Saint-Lin--Laurentides;Lanaudière (14)
Saint-Louis;Montérégie (16)
Saint-Louis-de-Gonzague-du-Cap-Tourmente;Capitale-Nationale (03)
Saint-Louis-de-Blandford;Centre-du-Québec (17)
Saint-Louis-de-Gonzague;Chaudière-Appalaches (12)
Saint-Louis-de-Gonzague;Montérégie (16)
Saint-Louis-du-Ha! Ha!;Bas-Saint-Laurent (01)
Saint-Luc-de-Bellechasse;Chaudière-Appalaches (12)
Saint-Luc-de-Vincennes;Mauricie (04)
Saint-Lucien;Centre-du-Québec (17)
Saint-Ludger;Estrie (05)
Saint-Ludger-de-Milot;Saguenay--Lac-Saint-Jean (02)
Saint-Magloire;Chaudière-Appalaches (12)
Saint-Majorique-de-Grantham;Centre-du-Québec (17)
Saint-Malachie;Chaudière-Appalaches (12)
Saint-Malo;Estrie (05)
Saint-Marc-de-Figuery;Abitibi-Témiscamingue (08)
Saint-Marc-des-Carrières;Capitale-Nationale (03)
Saint-Marc-du-Lac-Long;Bas-Saint-Laurent (01)
Saint-Marcel;Chaudière-Appalaches (12)
Saint-Marcel-de-Richelieu;Montérégie (16)
Saint-Marcellin;Bas-Saint-Laurent (01)
Saint-Marc-sur-Richelieu;Montérégie (16)
Saint-Martin;Chaudière-Appalaches (12)
Saint-Mathias-sur-Richelieu;Montérégie (16)
Saint-Mathieu;Montérégie (16)
Saint-Mathieu-de-Beloeil;Montérégie (16)
Saint-Mathieu-de-Rioux;Bas-Saint-Laurent (01)
Saint-Mathieu-d'Harricana;Abitibi-Témiscamingue (08)
Saint-Mathieu-du-Parc;Mauricie (04)
Saint-Maurice;Mauricie (04)
Saint-Maxime-du-Mont-Louis;Gaspésie--Îles-de-la-Madeleine (11)
Saint-Médard;Bas-Saint-Laurent (01)
Saint-Michel;Montérégie (16)
Saint-Michel-de-Bellechasse;Chaudière-Appalaches (12)
Saint-Michel-des-Saints;Lanaudière (14)
Saint-Michel-du-Squatec;Bas-Saint-Laurent (01)
Saint-Modeste;Bas-Saint-Laurent (01)
Saint-Moïse;Bas-Saint-Laurent (01)
Saint-Narcisse;Mauricie (04)
Saint-Narcisse-de-Beaurivage;Chaudière-Appalaches (12)
Saint-Narcisse-de-Rimouski;Bas-Saint-Laurent (01)
Saint-Nazaire;Saguenay--Lac-Saint-Jean (02)
Saint-Nazaire-d'Acton;Montérégie (16)
Saint-Nazaire-de-Dorchester;Chaudière-Appalaches (12)
Saint-Nérée-de-Bellechasse;Chaudière-Appalaches (12)
Saint-Noël;Bas-Saint-Laurent (01)
Saint-Norbert;Lanaudière (14)
Saint-Norbert-d'Arthabaska;Centre-du-Québec (17)
Saint-Octave-de-Métis;Bas-Saint-Laurent (01)
Saint-Odilon-de-Cranbourne;Chaudière-Appalaches (12)
Saint-Omer;Chaudière-Appalaches (12)
Saint-Onésime-d'Ixworth;Bas-Saint-Laurent (01)
Saint-Ours;Montérégie (16)
Saint-Pacôme;Bas-Saint-Laurent (01)
Saint-Pamphile;Chaudière-Appalaches (12)
Saint-Pascal;Bas-Saint-Laurent (01)
Saint-Patrice-de-Beaurivage;Chaudière-Appalaches (12)
Saint-Patrice-de-Sherrington;Montérégie (16)
Saint-Paul;Lanaudière (14)
Saint-Paul-d'Abbotsford;Montérégie (16)
Saint-Paul-de-la-Croix;Bas-Saint-Laurent (01)
Saint-Paul-de-l'Île-aux-Noix;Montérégie (16)
Saint-Paul-de-Montminy;Chaudière-Appalaches (12)
Saint-Paulin;Mauricie (04)
Saint-Philémon;Chaudière-Appalaches (12)
Saint-Philibert;Chaudière-Appalaches (12)
Saint-Philippe;Montérégie (16)
Saint-Philippe-de-Néri;Bas-Saint-Laurent (01)
Saint-Pie;Montérégie (16)
Saint-Pie-de-Guire;Centre-du-Québec (17)
Saint-Pierre;Lanaudière (14)
Saint-Pierre-Baptiste;Centre-du-Québec (17)
Saint-Pierre-de-Broughton;Chaudière-Appalaches (12)
Saint-Pierre-de-Lamy;Bas-Saint-Laurent (01)
Saint-Pierre-de-l'Île-d'Orléans;Capitale-Nationale (03)
Saint-Pierre-les-Becquets;Centre-du-Québec (17)
Saint-Pierre-de-la-Rivière-du-Sud;Chaudière-Appalaches (12)
Saint-Placide;Laurentides (15)
Saint-Polycarpe;Montérégie (16)
Saint-Prime;Saguenay--Lac-Saint-Jean (02)
Saint-Prosper;Chaudière-Appalaches (12)
Saint-Prosper-de-Champlain;Mauricie (04)
Saint-Raphaël;Chaudière-Appalaches (12)
Saint-Raymond;Capitale-Nationale (03)
Saint-Rémi;Montérégie (16)
Saint-Rémi-de-Tingwick;Centre-du-Québec (17)
Saint-René;Chaudière-Appalaches (12)
Saint-René-de-Matane;Bas-Saint-Laurent (01)
Saint-Robert;Montérégie (16)
Saint-Robert-Bellarmin;Estrie (05)
Saint-Roch-de-l'Achigan;Lanaudière (14)
Saint-Roch-de-Mékinac;Mauricie (04)
Saint-Roch-de-Richelieu;Montérégie (16)
Saint-Roch-des-Aulnaies;Chaudière-Appalaches (12)
Saint-Roch-Ouest;Lanaudière (14)
Saint-Romain;Estrie (05)
Saint-Rosaire;Centre-du-Québec (17)
Saint-Samuel;Centre-du-Québec (17)
Saints-Anges;Chaudière-Appalaches (12)
Saint-Sauveur;Laurentides (15)
Saint-Sébastien;Montérégie (16)
Saint-Sébastien;Estrie (05)
Saint-Sévère;Mauricie (04)
Saint-Séverin;Chaudière-Appalaches (12)
Saint-Séverin;Mauricie (04)
Saint-Siméon;Capitale-Nationale (03)
Saint-Siméon;Gaspésie--Îles-de-la-Madeleine (11)
Saint-Simon;Montérégie (16)
Saint-Simon-de-Rimouski;Bas-Saint-Laurent (01)
Saint-Simon-les-Mines;Chaudière-Appalaches (12)
Saint-Sixte;Outaouais (07)
Saints-Martyrs-Canadiens;Centre-du-Québec (17)
Saint-Stanislas;Saguenay--Lac-Saint-Jean (02)
Saint-Stanislas;Mauricie (04)
Saint-Stanislas-de-Kostka;Montérégie (16)
Saint-Sulpice;Lanaudière (14)
Saint-Sylvère;Centre-du-Québec (17)
Saint-Sylvestre;Chaudière-Appalaches (12)
Saint-Télesphore;Montérégie (16)
Saint-Tharcisius;Bas-Saint-Laurent (01)
Saint-Théodore-d'Acton;Montérégie (16)
Saint-Théophile;Chaudière-Appalaches (12)
Saint-Thomas;Lanaudière (14)
Saint-Thomas-Didyme;Saguenay--Lac-Saint-Jean (02)
Saint-Thuribe;Capitale-Nationale (03)
Saint-Tite;Mauricie (04)
Saint-Tite-des-Caps;Capitale-Nationale (03)
Saint-Ubalde;Capitale-Nationale (03)
Saint-Ulric;Bas-Saint-Laurent (01)
Saint-Urbain;Capitale-Nationale (03)
Saint-Urbain-Premier;Montérégie (16)
Saint-Valentin;Montérégie (16)
Saint-Valère;Centre-du-Québec (17)
Saint-Valérien;Bas-Saint-Laurent (01)
Saint-Valérien-de-Milton;Montérégie (16)
Saint-Vallier;Chaudière-Appalaches (12)
Saint-Venant-de-Paquette;Estrie (05)
Saint-Vianney;Bas-Saint-Laurent (01)
Saint-Victor;Chaudière-Appalaches (12)
Saint-Wenceslas;Centre-du-Québec (17)
Saint-Zacharie;Chaudière-Appalaches (12)
Saint-Zénon;Lanaudière (14)
Saint-Zénon-du-Lac-Humqui;Bas-Saint-Laurent (01)
Saint-Zéphirin-de-Courval;Centre-du-Québec (17)
Saint-Zotique;Montérégie (16)
Salaberry-de-Valleyfield;Montérégie (16)
Salluit;Nord-du-Québec (10)
Sault-au-Cochon;Capitale-Nationale (03)
Sayabec;Bas-Saint-Laurent (01)
Schefferville;Côte-Nord (09)
Scotstown;Estrie (05)
Scott;Chaudière-Appalaches (12)
Senneterre;Abitibi-Témiscamingue (08)
Senneville;Montréal (06)
Sept-Îles;Côte-Nord (09)
Shannon;Capitale-Nationale (03)
Shawinigan;Mauricie (04)
Shawville;Outaouais (07)
Sheenboro;Outaouais (07)
Shefford;Estrie (05)
Sherbrooke;Estrie (05)
Shigawake;Gaspésie--Îles-de-la-Madeleine (11)
Sorel-Tracy;Montérégie (16)
Stanbridge East;Estrie (05)
Stanbridge Station;Estrie (05)
Stanstead;Estrie (05)
Stanstead-Est;Estrie (05)
Sainte-Catherine-de-la-Jacques-Cartier;Capitale-Nationale (03)
Stoke;Estrie (05)
Stoneham-et-Tewkesbury;Capitale-Nationale (03)
Stornoway;Estrie (05)
Stratford;Estrie (05)
Stukely-Sud;Estrie (05)
Sutton;Estrie (05)
Tadoussac;Côte-Nord (09)
Taschereau;Abitibi-Témiscamingue (08)
Tasiujaq;Nord-du-Québec (10)
Témiscaming;Abitibi-Témiscamingue (08)
Témiscouata-sur-le-Lac;Bas-Saint-Laurent (01)
Terrasse-Vaudreuil;Montérégie (16)
Terrebonne;Lanaudière (14)
Thetford Mines;Chaudière-Appalaches (12)
Thorne;Outaouais (07)
Thurso;Outaouais (07)
Timiskaming;Abitibi-Témiscamingue (08)
Tingwick;Centre-du-Québec (17)
Tourville;Chaudière-Appalaches (12)
Trécesson;Abitibi-Témiscamingue (08)
Très-Saint-Rédempteur;Montérégie (16)
Très-Saint-Sacrement;Montérégie (16)
Tring-Jonction;Chaudière-Appalaches (12)
Trois-Pistoles;Bas-Saint-Laurent (01)
Trois-Rives;Mauricie (04)
Trois-Rivières;Mauricie (04)
Uashat;Côte-Nord (09)
Ulverton;Estrie (05)
Umiujaq;Nord-du-Québec (10)
Upton;Montérégie (16)
Val-Alain;Chaudière-Appalaches (12)
Val-Brillant;Bas-Saint-Laurent (01)
Valcourt;Estrie (05)
Valcourt;Estrie (05)
Val-David;Laurentides (15)
Val-des-Bois;Outaouais (07)
Val-des-Lacs;Laurentides (15)
Val-des-Monts;Outaouais (07)
Val-des-Sources;Estrie (05)
Val-d'Or;Abitibi-Témiscamingue (08)
Val-Joli;Estrie (05)
Vallée-Jonction;Chaudière-Appalaches (12)
Val-Morin;Laurentides (15)
Val-Racine;Estrie (05)
Val-Saint-Gilles;Abitibi-Témiscamingue (08)
Varennes;Montérégie (16)
Vaudreuil-Dorion;Montérégie (16)
Vaudreuil-sur-le-Lac;Montérégie (16)
Venise-en-Québec;Montérégie (16)
Verchères;Montérégie (16)
Victoriaville;Centre-du-Québec (17)
Ville-Marie;Abitibi-Témiscamingue (08)
Villeroy;Centre-du-Québec (17)
Waltham;Outaouais (07)
Warden;Estrie (05)
Warwick;Centre-du-Québec (17)
Waskaganish;Nord-du-Québec (10)
Waswanipi;Nord-du-Québec (10)
Waterloo;Estrie (05)
Waterville;Estrie (05)
Weedon;Estrie (05)
Wemindji;Nord-du-Québec (10)
Wemotaci;Mauricie (04)
Wendake;Capitale-Nationale (03)
Wentworth;Laurentides (15)
Wentworth-Nord;Laurentides (15)
Westbury;Estrie (05)
Westmount;Montréal (06)
Whapmagoostui;Nord-du-Québec (10)
Wickham;Centre-du-Québec (17)
Windsor;Estrie (05)
Wôlinak;Centre-du-Québec (17)
Wotton;Estrie (05)
Yamachiche;Mauricie (04)
Yamaska;Montérégie (16)
